19-10-2021 11:21:13,P00001,IloveKOREAshop,AB6IX - 2ND ALBUM [MO‚Äô COMPLETE],730.0,100,0.0,images/productImage/P00001.jpg,- ‡∏™‡∏¥‡∏ô‡∏Ñ‡πâ‡∏≤‡∏†‡∏≤‡∏¢‡πÉ‡∏ô‡∏£‡πâ‡∏≤‡∏ô‡πÄ‡∏õ‡πá‡∏ô‡∏Ç‡∏≠‡∏á‡πÅ‡∏ó‡πâ 100%  ‡πÑ‡∏°‡πà‡∏°‡∏µ‡∏Ç‡∏≠‡∏á‡∏õ‡∏•‡∏≠‡∏° ‚ö°Ô∏è ‡∏ô‡∏±‡∏ö‡πÄ‡∏Ç‡πâ‡∏≤‡∏ä‡∏≤‡∏£‡πå‡∏ï‡∏ó‡∏±‡πâ‡∏á gaon ‡πÅ‡∏•‡∏∞ HANTEO üíØ ‡∏£‡∏≤‡∏¢‡∏•‡∏∞‡πÄ‡∏≠‡∏µ‡∏¢‡∏î : - ‡πÇ‡∏ü‡πÇ‡∏ï‡πâ‡∏ö‡∏∏‡πâ‡∏Ñ : 120 ‡∏´‡∏ô‡πâ‡∏≤ / ‡πÄ‡∏ß‡∏≠‡∏£‡πå - ‡πÇ‡∏ü‡πÇ‡∏ï‡πâ‡∏Å‡∏≤‡∏£‡πå‡∏î : ‡∏™‡∏∏‡πà‡∏° 1 ‡πÉ‡∏ô 16 ‡πÅ‡∏ö‡∏ö / ‡πÄ‡∏ß‡∏≠‡∏£‡πå - ‡πÇ‡∏ü‡πÇ‡∏ï‡πâ‡∏Å‡∏≤‡∏£‡πå‡∏î (‡∏¢‡∏π‡∏ô‡∏¥‡∏ï) : ‡∏™‡∏∏‡πà‡∏° 1 ‡πÉ‡∏ô 6 ‡πÅ‡∏ö‡∏ö / ‡πÄ‡∏ß‡∏≠‡∏£‡πå - ‡∏£‡∏π‡∏õ‡∏Ç‡∏≤‡∏ß-‡∏î‡∏≥ : ‡∏™‡∏∏‡πà‡∏° 1 ‡πÉ‡∏ô 4 ‡πÅ‡∏ö‡∏ö / ‡πÄ‡∏ß‡∏≠‡∏£‡πå - ‡∏Å‡∏≤‡∏£‡πå‡∏î‡∏Å‡∏•‡∏° : ‡∏™‡∏∏‡πà‡∏° 1 ‡πÉ‡∏ô 4 ‡πÅ‡∏ö‡∏ö / ‡πÄ‡∏ß‡∏≠‡∏£‡πå - ‡∏™‡∏ï‡∏¥‡∏Å‡πÄ‡∏Å‡∏≠‡∏£‡πå : ‡∏™‡∏∏‡πà‡∏° 1 ‡πÉ‡∏ô 6 ‡πÅ‡∏ö‡∏ö - ‡πÇ‡∏õ‡∏™‡πÄ‡∏ï‡∏≠‡∏£‡πå : 1 ‡πÅ‡∏ú‡πà‡∏ô / ‡πÄ‡∏ß‡∏≠‡∏£‡πå - ‡πÇ‡∏û‡∏•‡∏≤‡∏£‡∏≠‡∏¢‡∏î‡πå : 1 ‡πÉ‡∏ö (‡∏™‡∏∏‡πà‡∏°‡πÅ‡∏à‡∏Å‡∏à‡∏≤‡∏Å 200 ‡πÉ‡∏ö),10,‡πÄ‡∏Ñ-‡∏õ‡πä‡∏≠‡∏õ
19-10-2021 12:58:29,P00002,IloveKOREAshop,‡πÅ‡∏ó‡πà‡∏á‡πÑ‡∏ü AB6IX,1399.0,25,0.0,images/productImage/P00002.jpg,‡∏†‡∏≤‡∏¢‡πÉ‡∏ô 1 ‡∏ä‡∏∏‡∏î‡∏õ‡∏£‡∏∞‡∏Å‡∏≠‡∏ö‡∏î‡πâ‡∏ß‡∏¢ - ‡πÅ‡∏ó‡πà‡∏á‡πÑ‡∏ü - ‡∏Å‡∏•‡πà‡∏≠‡∏á‡πÅ‡∏ó‡πà‡∏á‡πÑ‡∏ü - ‡∏™‡∏≤‡∏¢‡∏´‡πâ‡∏≠‡∏¢ - ‡πÉ‡∏ö‡∏Å‡∏≤‡∏£‡∏±‡∏ô‡∏ï‡∏µ  ***‡∏™‡∏¥‡∏ô‡∏Ñ‡πâ‡∏≤‡∏ó‡∏∏‡∏Å‡∏ä‡∏¥‡πâ‡∏ô‡πÄ‡∏õ‡πá‡∏ô‡∏Ç‡∏≠‡∏á‡πÅ‡∏ó‡πâ OFFICIAL 10000% ‡∏ô‡∏≥‡πÄ‡∏Ç‡πâ‡∏≤‡∏à‡∏≤‡∏Å‡πÄ‡∏Å‡∏≤‡∏´‡∏•‡∏µ*** ‡∏à‡∏±‡∏î‡∏™‡πà‡∏á‡∏™‡∏¥‡∏ô‡∏Ñ‡πâ‡∏≤‡∏ó‡∏∏‡∏Å‡∏ß‡∏±‡∏ô ‡∏à‡∏±‡∏ô‡∏ó‡∏£‡πå ‡∏û‡∏∏‡∏ò ‡∏®‡∏∏‡∏Å‡∏£‡πå,5,‡πÄ‡∏Ñ-‡∏õ‡πä‡∏≠‡∏õ
19-10-2021 13:15:20,P00003,IloveKOREAshop,TREASURE 2nd Single Album,608.0,90,0.0,images/productImage/P00003.jpg,***‡∏™‡∏¥‡∏ô‡∏Ñ‡πâ‡∏≤‡∏ó‡∏∏‡∏Å‡∏ä‡∏¥‡πâ‡∏ô‡πÄ‡∏õ‡πá‡∏ô‡∏Ç‡∏≠‡∏á‡πÅ‡∏ó‡πâ OFFICIAL 10000% ‡∏ô‡∏≥‡πÄ‡∏Ç‡πâ‡∏≤‡∏à‡∏≤‡∏Å‡πÄ‡∏Å‡∏≤‡∏´‡∏•‡∏µ*** ‡∏†‡∏≤‡∏¢‡πÉ‡∏ô 1 ‡∏ä‡∏∏‡∏î‡∏õ‡∏£‡∏∞‡∏Å‡∏≠‡∏ö‡∏î‡πâ‡∏ß‡∏¢ - PHOTO BOOK - CD - RANDOM PHOTO CARD - RAMDOM SELFIE PHOTO CARD - RAMDOM HOLOGRAM POSTCARD - OPTICAL BOOKMARK - STICKER - DOUBLE SIDE POSTER (‡∏°‡πâ‡∏ß‡∏ô‡πÉ‡∏™‡πà‡∏Å‡∏£‡∏∞‡∏ö‡∏≠‡∏Å),40,‡πÄ‡∏Ñ-‡∏õ‡πä‡∏≠‡∏õ
19-10-2021 13:19:31,P00004,IloveKOREAshop,‡πÅ‡∏ó‡πà‡∏á‡πÑ‡∏ü TREASURE,1590.0,28,0.0,images/productImage/P00004.jpg,***‡∏™‡∏¥‡∏ô‡∏Ñ‡πâ‡∏≤‡∏ó‡∏∏‡∏Å‡∏ä‡∏¥‡πâ‡∏ô‡πÄ‡∏õ‡πá‡∏ô‡∏Ç‡∏≠‡∏á‡πÅ‡∏ó‡πâ OFFICIAL 10000% ‡∏ô‡∏≥‡πÄ‡∏Ç‡πâ‡∏≤‡∏à‡∏≤‡∏Å‡πÄ‡∏Å‡∏≤‡∏´‡∏•‡∏µ*** ‡∏†‡∏≤‡∏¢‡πÉ‡∏ô 1 ‡∏ä‡∏∏‡∏î‡∏õ‡∏£‡∏∞‡∏Å‡∏≠‡∏ö‡∏î‡πâ‡∏ß‡∏¢ - ‡πÅ‡∏ó‡πà‡∏á‡πÑ‡∏ü 1 ‡∏ä‡∏¥‡πâ‡∏ô - ‡πÅ‡∏û‡∏Ñ‡πÄ‡∏Å‡∏à‡∏™‡∏¥‡∏ô‡∏Ñ‡πâ‡∏≤ - PHOTO CARD 1 ‡πÉ‡∏ö (‡πÅ‡∏£‡∏ô‡∏î‡πâ‡∏≠‡∏°‡πÄ‡∏°‡∏°‡πÄ‡∏ö‡∏≠‡∏£‡πå),5,‡πÄ‡∏Ñ-‡∏õ‡πä‡∏≠‡∏õ
19-10-2021 13:23:43,P00005,IloveKOREAshop,TXT ‡∏≠‡∏±‡∏•‡∏ö‡∏±‡πâ‡∏° ÌòºÎèàÏùò Ïû•,650.0,91,0.0,images/productImage/P00005.jpg,‡∏≠‡∏±‡∏•‡∏ö‡∏±‡πâ‡∏° ÌòºÎèàÏùò Ïû• : FIGHT OR ESCAPE üö®‡∏™‡∏¥‡∏ô‡∏Ñ‡πâ‡∏≤‡πÄ‡∏õ‡πá‡∏ô‡∏™‡∏¥‡∏ô‡∏Ñ‡πâ‡∏≤‡∏û‡∏£‡∏µ‡∏≠‡∏≠‡πÄ‡∏î‡∏≠‡∏£‡πå ‡∏à‡∏±‡∏î‡∏™‡πà‡∏á‡πÉ‡∏ô‡πÑ‡∏ó‡∏¢ 10 ‡∏û‡∏§‡∏®‡∏à‡∏¥‡∏Å‡∏≤‡∏¢‡∏ô‡πÇ‡∏î‡∏¢‡∏õ‡∏£‡∏∞‡∏°‡∏≤‡∏ì (‡πÄ‡∏ô‡∏∑‡πà‡∏≠‡∏á‡∏à‡∏≤‡∏Å‡∏™‡∏ñ‡∏≤‡∏ô‡∏Å‡∏≤‡∏£‡πÇ‡∏Ñ‡∏ß‡∏¥‡∏ó 19 ‡∏ã‡∏∂‡πà‡∏á‡πÄ‡∏õ‡πá‡∏ô‡πÄ‡∏´‡∏ï‡∏∏‡∏Å‡∏≤‡∏£‡∏ì‡πå‡∏ó‡∏µ‡πà‡πÑ‡∏°‡πà‡∏™‡∏≤‡∏°‡∏≤‡∏£‡∏ñ‡∏Ñ‡∏≤‡∏î‡∏Å‡∏≤‡∏£‡∏ì‡πå‡πÑ‡∏î‡πâ‡∏•‡πà‡∏ß‡∏á‡∏´‡∏ô‡πâ‡∏≤ ‡∏Å‡∏£‡∏∏‡∏ì‡∏≤‡∏ó‡∏≥‡∏Ñ‡∏ß‡∏≤‡∏°‡πÄ‡∏Ç‡πâ‡∏≤‡πÉ‡∏à‡∏Å‡πà‡∏≠‡∏ô‡∏Å‡∏î‡∏™‡∏±‡πà‡∏á‡∏ã‡∏∑‡πâ‡∏≠‡∏Ñ‡πà‡∏∞) ‚ùå‡∏™‡∏±‡πà‡∏á‡∏™‡∏¥‡∏ô‡∏Ñ‡πâ‡∏≤‡πÅ‡∏•‡πâ‡∏ß‡∏´‡πâ‡∏≤‡∏°‡∏¢‡∏Å‡πÄ‡∏•‡∏¥‡∏Å‡∏ó‡∏∏‡∏Å‡∏Å‡∏£‡∏ì‡∏µ ‡∏£‡∏ö‡∏Å‡∏ß‡∏ô‡∏ï‡∏£‡∏ß‡∏à‡∏™‡∏≠‡∏ö‡πÇ‡∏Ñ‡πâ‡∏î ‡∏à‡∏≥‡∏ô‡∏ß‡∏ô‡∏™‡∏¥‡∏ô‡∏Ñ‡πâ‡∏≤ ‡πÅ‡∏•‡∏∞‡∏ó‡∏µ‡πà‡∏≠‡∏¢‡∏π‡πà‡πÉ‡∏´‡πâ‡∏î‡∏µ‡∏Å‡πà‡∏≠‡∏ô‡∏Å‡∏î‡∏™‡∏±‡πà‡∏á‡∏ã‡∏∑‡πâ‡∏≠‡∏à‡πâ‡∏≤‚ùå ‚úÖ‡∏™‡∏¥‡∏ô‡∏Ñ‡πâ‡∏≤‡∏Ç‡∏≠‡∏á‡πÅ‡∏ó‡πâ OFFICIAL 100% ‚úÖ‡∏≠‡∏±‡∏•‡∏ö‡∏±‡πâ‡∏°‡∏ô‡∏±‡∏ö‡πÄ‡∏Ç‡πâ‡∏≤‡∏ä‡∏≤‡∏£‡πå‡∏ó HANTEO GAON ‡∏ó‡∏∏‡∏Å‡πÅ‡∏ú‡πà‡∏ô ‚úÖ‡πÄ‡∏õ‡πá‡∏ô‡∏Ç‡∏≠‡∏á‡πÉ‡∏´‡∏°‡πà‡πÑ‡∏°‡πà‡πÅ‡∏Å‡∏∞‡∏ã‡∏µ‡∏•‡∏ó‡∏∏‡∏Å‡∏ä‡∏¥‡πâ‡∏ô‡∏Ñ‡πà‡∏∞,30,‡πÄ‡∏Ñ-‡∏õ‡πä‡∏≠‡∏õ
19-10-2021 13:27:37,P00006,IloveKOREAshop,NCT DREAM Album 'Îßõ (Hot Sauce),576.0,127,0.0,images/productImage/P00006.jpg,***‡∏™‡∏¥‡∏ô‡∏Ñ‡πâ‡∏≤‡∏ó‡∏∏‡∏Å‡∏ä‡∏¥‡πâ‡∏ô‡πÄ‡∏õ‡πá‡∏ô‡∏Ç‡∏≠‡∏á‡πÅ‡∏ó‡πâ OFFICIAL 10000% ‡∏ô‡∏≥‡πÄ‡∏Ç‡πâ‡∏≤‡∏à‡∏≤‡∏Å‡πÄ‡∏Å‡∏≤‡∏´‡∏•‡∏µ*** ‡∏†‡∏≤‡∏¢‡πÉ‡∏ô 1 ‡∏ä‡∏∏‡∏î‡∏õ‡∏£‡∏∞‡∏Å‡∏≠‡∏ö‡∏î‡πâ‡∏ß‡∏¢ - PHOTOBOOK - POSTCARD BOOK - CD - STICKER - THANKS TO - FOLDED POSTER - PHOTO CARD - POSTER,100,‡πÄ‡∏Ñ-‡∏õ‡πä‡∏≠‡∏õ
19-10-2021 13:34:04,P00007,IloveKOREAshop,‡πÅ‡∏ó‡πà‡∏á‡πÑ‡∏ü BLACKPINK,1990.0,71,0.0,images/productImage/P00007.jpg,[BLACKPINK] ‡πÅ‡∏ó‡πà‡∏á‡πÑ‡∏ü LIMITED EDITION BLACKPINK OFFICIAL VER.2 ‡∏†‡∏≤‡∏¢‡πÉ‡∏ô 1 ‡∏ä‡∏∏‡∏î‡∏õ‡∏£‡∏∞‡∏Å‡∏≠‡∏ö‡∏î‡πâ‡∏ß‡∏¢ - ‡∏Å‡∏•‡πà‡∏≠‡∏á‡πÅ‡∏ó‡πà‡∏á‡πÑ‡∏ü - ‡πÅ‡∏ó‡πà‡∏á‡πÑ‡∏ü - ‡∏ï‡∏±‡∏ß‡∏ï‡∏±‡πâ‡∏á‡πÅ‡∏ó‡πà‡∏á‡πÑ‡∏ü - ‡∏™‡∏≤‡∏¢‡∏´‡πâ‡∏≠‡∏¢ - ‡πÇ‡∏û‡∏£‡∏≤‡∏•‡∏≠‡∏¢‡∏î‡πå 4 ‡πÉ‡∏ö ***‡∏™‡∏¥‡∏ô‡∏Ñ‡πâ‡∏≤‡∏ó‡∏∏‡∏Å‡∏ä‡∏¥‡πâ‡∏ô‡πÄ‡∏õ‡πá‡∏ô‡∏Ç‡∏≠‡∏á‡πÅ‡∏ó‡πâ OFFICIAL 10000% ‡∏ô‡∏≥‡πÄ‡∏Ç‡πâ‡∏≤‡∏à‡∏≤‡∏Å‡πÄ‡∏Å‡∏≤‡∏´‡∏•‡∏µ***,5,‡πÄ‡∏Ñ-‡∏õ‡πä‡∏≠‡∏õ
19-10-2021 15:04:08,P00008,IloveKOREAshop,‡πÄ‡∏™‡∏∑‡πâ‡∏≠ BTS BUTTER OFFICIAL MERCH,1590.0,91,0.0,images/productImage/P00008.jpg,[BTS] ‡∏û‡∏£‡πâ‡∏≠‡∏°‡∏™‡πà‡∏á BTS BUTTER OFFICIAL MERCH üö®‡∏•‡∏¥‡∏Ç‡∏™‡∏¥‡∏ó‡∏ò‡∏¥‡πå‡πÅ‡∏ó‡πâ‡∏Ç‡∏≠‡∏á HYBE (BIGHIT) üìåüìå‡∏™‡∏¥‡∏ô‡∏Ñ‡πâ‡∏≤‡πÉ‡∏ô‡∏£‡πâ‡∏≤‡∏ôüìåüìå ‚úÖ‡∏™‡∏¥‡∏ô‡∏Ñ‡πâ‡∏≤‡∏Ç‡∏≠‡∏á‡πÅ‡∏ó‡πâ OFFICIAL 100% ‚úÖ‡∏≠‡∏±‡∏•‡∏ö‡∏±‡πâ‡∏°‡∏ô‡∏±‡∏ö‡πÄ‡∏Ç‡πâ‡∏≤‡∏ä‡∏≤‡∏£‡πå‡∏ó HANTEO GAON ‡∏ó‡∏∏‡∏Å‡πÅ‡∏ú‡πà‡∏ô ‚úÖ‡πÄ‡∏õ‡πá‡∏ô‡∏Ç‡∏≠‡∏á‡πÉ‡∏´‡∏°‡πà‡πÑ‡∏°‡πà‡πÅ‡∏Å‡∏∞‡∏ã‡∏µ‡∏•‡∏ó‡∏∏‡∏Å‡∏ä‡∏¥‡πâ‡∏ô‡∏Ñ‡πà‡∏∞ ***‡∏™‡∏¥‡∏ô‡∏Ñ‡πâ‡∏≤‡∏ó‡∏∏‡∏Å‡∏ä‡∏¥‡πâ‡∏ô‡πÄ‡∏õ‡πá‡∏ô‡∏Ç‡∏≠‡∏á‡πÅ‡∏ó‡πâ OFFICIAL,15,‡πÄ‡∏™‡∏∑‡πâ‡∏≠‡∏ú‡πâ‡∏≤‡πÅ‡∏ü‡∏ä‡∏±‡πà‡∏ô
19-10-2021 15:12:33,P00009,IloveKOREAshop,BABY MINI HANDY FAN,890.0,11,0.0,images/productImage/P00009.jpg,BABY MINI HANDY FAN ‡∏û‡∏±‡∏î‡∏•‡∏°‡∏°‡∏∑‡∏≠‡∏ñ‡∏∑‡∏≠‡∏Ç‡∏ô‡∏≤‡∏î‡∏°‡∏¥‡∏ô‡∏¥ ‡∏Ç‡∏≠‡∏á‡πÅ‡∏ó‡πâ‡∏à‡∏≤‡∏Å LINE FRIENDS ‡∏Ç‡∏≠‡∏á‡πÅ‡∏ó‡πâ‡∏à‡∏≤‡∏Å‡∏ä‡πá‡∏≠‡∏õ LINE FRIENDS ‡πÄ‡∏Å‡∏≤‡∏´‡∏•‡∏µ ‡∏õ‡∏£‡∏±‡∏ö‡∏£‡∏∞‡∏î‡∏±‡∏ö‡∏Ñ‡∏ß‡∏≤‡∏°‡πÄ‡∏¢‡πá‡∏ô‡πÑ‡∏î‡πâ 3 ‡∏£‡∏∞‡∏î‡∏±‡∏ö ‡∏†‡∏≤‡∏¢‡πÉ‡∏ô 1 ‡∏ä‡∏∏‡∏î‡∏õ‡∏£‡∏∞‡∏Å‡∏≠‡∏ö‡∏î‡πâ‡∏ß‡∏¢ - ‡∏Å‡∏•‡πà‡∏≠‡∏á‡∏™‡∏¥‡∏ô‡∏Ñ‡πâ‡∏≤ - ‡∏û‡∏±‡∏î‡∏•‡∏° - ‡∏™‡∏≤‡∏¢‡∏´‡πâ‡∏≠‡∏¢,5,‡πÄ‡∏Ñ‡∏£‡∏∑‡πà‡∏≠‡∏á‡πÉ‡∏ä‡πâ‡πÑ‡∏ü‡∏ü‡πâ‡∏≤
19-10-2021 15:17:35,P00010,IloveKOREAshop,BT21 ‡πÄ‡∏°‡πâ‡∏≤‡πÑ‡∏£‡πâ‡∏™‡∏≤‡∏¢,799.0,21,0.0,images/productImage/P00010.jpg,[BT21] ‡∏û‡∏£‡πâ‡∏≠‡∏°‡∏™‡πà‡∏á ‡πÄ‡∏°‡πâ‡∏≤‡πÑ‡∏£‡πâ‡∏™‡∏≤‡∏¢ ‡πÑ‡∏£‡πâ‡πÄ‡∏™‡∏µ‡∏¢‡∏á WIRELESS SILENT MOUSE ‡∏û‡∏£‡πâ‡∏≠‡∏°‡∏™‡πà‡∏á‡∏ó‡∏∏‡∏Å‡∏Ñ‡∏≤‡πÅ‡∏£‡∏Ñ‡πÄ‡∏ï‡∏≠‡∏£‡πå ‡∏•‡∏¥‡∏Ç‡∏™‡∏¥‡∏ó‡∏ò‡∏¥‡πå‡πÅ‡∏ó‡πâ‡∏à‡∏≤‡∏Å‡∏ä‡πá‡∏≠‡∏õ LINE FRIENDS ‡πÄ‡∏Å‡∏≤‡∏´‡∏•‡∏µ ***‡∏™‡∏¥‡∏ô‡∏Ñ‡πâ‡∏≤‡∏ó‡∏∏‡∏Å‡∏ä‡∏¥‡πâ‡∏ô‡πÄ‡∏õ‡πá‡∏ô‡∏Ç‡∏≠‡∏á‡πÅ‡∏ó‡πâ OFFICIAL 10000% ‡∏ô‡∏≥‡πÄ‡∏Ç‡πâ‡∏≤‡∏à‡∏≤‡∏Å‡πÄ‡∏Å‡∏≤‡∏´‡∏•‡∏µ***,5,‡∏Ñ‡∏≠‡∏°‡∏û‡∏¥‡∏ß‡πÄ‡∏ï‡∏≠‡∏£‡πå
19-10-2021 12:28:34,P00011,PP_Stationery,‡∏Å‡∏•‡πà‡∏≠‡∏á‡∏•‡∏¥‡πâ‡∏ô‡∏ä‡∏±‡∏Å‡πÅ‡∏ö‡∏ö‡πÉ‡∏™,189.0,30,0.0,images/productImage/P00011.jpg,‡∏Å‡∏•‡πà‡∏≠‡∏á‡∏•‡∏¥‡πâ‡∏ô 3 ‡∏ä‡∏±‡πâ‡∏ô‡πÅ‡∏ö‡∏ö‡πÉ‡∏™  ‡∏Ç‡∏ô‡∏≤‡∏î 26*19.5*22.3 cm ‡πÉ‡∏™‡πà‡∏Ç‡∏≠‡∏á ‡πÉ‡∏™‡πà‡πÄ‡∏Ñ‡∏£‡∏∑‡πà‡∏≠‡∏á‡∏™‡∏≥‡∏≠‡∏≤‡∏á ‡∏ä‡∏±‡πâ‡∏ô‡∏à‡∏±‡∏î‡∏£‡∏∞‡πÄ‡∏ö‡∏µ‡∏¢‡∏ö‡∏Ç‡∏≠‡∏á ‡∏ä‡∏±‡πâ‡∏ô‡∏ß‡∏≤‡∏á‡∏Ç‡∏≠‡∏á ‡∏•‡∏¥‡πâ‡∏ô‡∏ä‡∏±‡∏Å‡πÄ‡∏Å‡πá‡∏ö‡∏Ç‡∏≠‡∏á ‡∏à‡∏∏‡∏Ç‡∏≠‡∏á‡πÑ‡∏î‡πâ‡πÄ‡∏¢‡∏≠‡∏∞,5,‡πÄ‡∏Ñ‡∏£‡∏∑‡πà‡∏≠‡∏á‡πÄ‡∏Ç‡∏µ‡∏¢‡∏ô
19-10-2021 12:32:08,P00012,PP_Stationery,‡∏Å‡∏•‡πà‡∏≠‡∏á‡πÉ‡∏™‡πà‡∏õ‡∏≤‡∏Å‡∏Å‡∏≤,25.0,20,0.0,images/productImage/P00012.jpg,‡∏Å‡∏•‡πà‡∏≠‡∏á‡πÉ‡∏™‡πà‡∏õ‡∏≤‡∏Å‡∏Å‡∏≤ ‡∏ó‡∏µ‡πà‡∏ß‡∏≤‡∏á‡∏õ‡∏≤‡∏Å‡∏Å‡∏≤ ‡∏Å‡∏•‡πà‡∏≠‡∏á‡πÄ‡∏Ñ‡∏£‡∏∑‡πà‡∏≠‡∏á‡πÄ‡∏Ç‡∏µ‡∏¢‡∏ô ‡∏≠‡∏∏‡∏õ‡∏Å‡∏£‡∏ì‡πå‡∏à‡∏±‡∏î‡πÄ‡∏Å‡πá‡∏ö‡∏ö‡∏ô‡πÇ‡∏ï‡πä‡∏∞ ‡∏≠‡∏∏‡∏õ‡∏Å‡∏£‡∏ì‡πå‡∏Å‡∏•‡πà‡∏≠‡∏á‡∏à‡∏±‡∏î‡πÄ‡∏Å‡πá‡∏ö‡∏£‡∏∞‡πÄ‡∏ö‡∏µ‡∏¢‡∏ö ‡∏°‡∏µ‡∏ä‡πà‡∏≠‡∏á‡∏Ñ‡∏£‡∏ö‡∏Ñ‡∏£‡∏±‡∏ô ‡∏°‡∏µ‡∏ä‡πà‡∏≠‡∏á‡∏ß‡∏≤‡∏á‡πÇ‡∏ó‡∏£‡∏®‡∏±‡∏û‡∏ó‡πå ‡∏ß‡∏±‡∏™‡∏î‡∏∏ PP,5,‡πÄ‡∏Ñ‡∏£‡∏∑‡πà‡∏≠‡∏á‡πÄ‡∏Ç‡∏µ‡∏¢‡∏ô
19-10-2021 13:00:45,P00013,PP_Stationery,‡∏Å‡∏•‡πà‡∏≠‡∏á‡πÉ‡∏™‡πà‡∏î‡∏¥‡∏ô‡∏™‡∏≠,39.0,25,0.0,images/productImage/P00013.jpg,‡∏ï‡∏•‡∏±‡∏ö‡πÄ‡∏Å‡πá‡∏ö‡πÄ‡∏Ñ‡∏£‡∏∑‡πà‡∏≠‡∏á‡πÄ‡∏Ç‡∏µ‡∏¢‡∏ô ‡∏°‡∏µ‡∏ù‡∏≤‡∏•‡πá‡∏≠‡∏Ñ 2 ‡∏ä‡πà‡∏≠‡∏á ‡∏Å‡∏•‡πà‡∏≠‡∏á‡πÉ‡∏™‡πà‡∏î‡∏¥‡∏ô‡∏™‡∏≠ ‡∏Å‡∏•‡πà‡∏≠‡∏á‡πÉ‡∏™‡πà‡∏õ‡∏≤‡∏Å‡∏Å‡∏≤ ‡πÄ‡∏Ñ‡∏£‡∏∑‡πà‡∏≠‡∏á‡πÄ‡∏Ç‡∏µ‡∏¢‡∏ô ‡∏≠‡∏∏‡∏õ‡∏Å‡∏£‡∏ì‡πå‡∏à‡∏±‡∏î‡πÄ‡∏Å‡πá‡∏ö   ‚ú®  ‡πÅ‡∏ñ‡∏°‡∏ü‡∏£‡∏µ ‡∏™‡∏ï‡∏¥‡πä‡∏Å‡πÄ‡∏Å‡∏≠‡∏£‡πå 1 ‡∏ä‡∏¥‡πâ‡∏ô  ‚ú®  ‚úî  ‡∏™‡∏µ‡πÉ‡∏™   ‚úî  ‡πÉ‡∏™‡πà‡∏õ‡∏≤‡∏Å‡∏Å‡∏≤    ‚úî   ‡πÄ‡∏Ñ‡∏£‡∏∑‡πà‡∏≠‡∏á‡πÄ‡∏Ç‡∏µ‡∏¢‡∏ô    ‚úî      ‡πÄ‡∏Ñ‡∏£‡∏∑‡πà‡∏≠‡∏á‡∏õ‡∏£‡∏∞‡∏î‡∏±‡∏ö      ‚úî    ‡πÉ‡∏™‡πà‡∏Ç‡∏≠‡∏á‡πÄ‡∏≠‡∏ô‡∏Å‡∏õ‡∏£‡∏∞‡∏™‡∏á‡∏Ñ‡πå    ‚úî    ‡∏Ç‡∏ô‡∏≤‡∏î 2.7 x 0.9 x 8.2 ‡∏ã‡∏°.,5,‡πÄ‡∏Ñ‡∏£‡∏∑‡πà‡∏≠‡∏á‡πÄ‡∏Ç‡∏µ‡∏¢‡∏ô
19-10-2021 13:13:51,P00014,PP_Stationery,‡∏õ‡∏≤‡∏Å‡∏Å‡∏≤‡∏•‡∏ö‡πÑ‡∏î‡πâ,15.0,40,0.0,images/productImage/P00014.jpg,‡∏õ‡∏≤‡∏Å‡∏Å‡∏≤‡∏•‡∏ö‡πÑ‡∏î‡πâ‡∏•‡∏≤‡∏¢‡∏Å‡∏≤‡∏£‡πå‡∏ï‡∏π‡∏ô ‡∏£‡∏∏‡πà‡∏ô‡πÅ‡∏ö‡∏ö‡∏Å‡∏î (‡∏ô‡πâ‡∏≥‡πÄ‡∏á‡∏¥‡∏ô) 0. 5 mm (‡∏£‡∏≤‡∏Ñ‡∏≤‡∏ï‡πà‡∏≠‡∏î‡πâ‡∏≤‡∏°),10,‡πÄ‡∏Ñ‡∏£‡∏∑‡πà‡∏≠‡∏á‡πÄ‡∏Ç‡∏µ‡∏¢‡∏ô
19-10-2021 13:17:43,P00015,PP_Stationery,‡∏î‡∏¥‡∏ô‡∏™‡∏≠‡∏Å‡∏î,10.0,40,0.0,images/productImage/P00015.jpg,‡∏î‡∏¥‡∏ô‡∏™‡∏≠‡∏Å‡∏î‡πÑ‡∏™‡πâ 2 ‡∏°‡∏°. 2B ‡∏°‡∏µ‡∏Å‡∏ö‡πÄ‡∏´‡∏•‡∏≤‡πÉ‡∏ô‡∏ï‡∏±‡∏ß ‡∏™‡∏≤‡∏°‡∏≤‡∏£‡∏ñ‡πÄ‡∏õ‡∏•‡∏µ‡πà‡∏¢‡∏ô‡πÑ‡∏™‡πâ‡πÑ‡∏î‡πâ ‡∏ó‡∏£‡∏á‡∏Ñ‡∏•‡πâ‡∏≤‡∏¢‡∏î‡∏¥‡∏ô‡∏™‡∏≠‡πÑ‡∏°‡πâ ‡∏•‡∏≤‡∏¢‡∏Å‡∏≤‡∏£‡πå‡∏ï‡∏π‡∏ô‡∏ô‡πà‡∏≤‡∏£‡∏±‡∏Å ‡∏î‡∏¥‡∏ô‡∏™‡∏≠‡∏Å‡∏î‡∏™‡∏≤‡∏°‡∏≤‡∏£‡∏ñ‡πÄ‡∏ï‡∏¥‡∏°‡∏´‡∏£‡∏∑‡∏≠‡πÄ‡∏õ‡∏•‡∏µ‡πà‡∏¢‡∏ô‡πÑ‡∏™‡πâ‡πÑ‡∏î‡πâ ‡πÑ‡∏™‡πâ‡∏´‡∏≤‡∏ã‡∏∑‡πâ‡∏≠‡πÑ‡∏î‡πâ‡∏ï‡∏≤‡∏°‡∏£‡πâ‡∏≤‡∏ô‡πÄ‡∏Ñ‡∏£‡∏∑‡πà‡∏≠‡∏á‡πÄ‡∏Ç‡∏µ‡∏¢‡∏ô‡∏ó‡∏±‡πà‡∏ß‡πÑ‡∏õ ‡∏°‡∏µ‡∏Å‡∏ö‡πÄ‡∏´‡∏•‡∏≤‡πÑ‡∏™‡πâ‡∏≠‡∏¢‡∏π‡πà‡∏ó‡∏µ‡πà‡∏î‡πâ‡∏≤‡∏ô‡∏ó‡πâ‡∏≤‡∏¢‡∏Ç‡∏≠‡∏á‡∏î‡∏¥‡∏ô‡∏™‡∏≠ ‡∏Ñ‡∏ß‡∏≤‡∏°‡πÄ‡∏Ç‡πâ‡∏° 2B ‡∏Ñ‡∏ß‡∏≤‡∏°‡∏¢‡∏≤‡∏ß: 16 ‡∏ã‡∏°. ‡∏Ç‡∏ô‡∏≤‡∏î‡πÑ‡∏™‡πâ: 2 ‡∏°‡∏°.,5,‡πÄ‡∏Ñ‡∏£‡∏∑‡πà‡∏≠‡∏á‡πÄ‡∏Ç‡∏µ‡∏¢‡∏ô
19-10-2021 13:23:09,P00016,PP_Stationery,‡∏õ‡∏≤‡∏Å‡∏Å‡∏≤‡πÄ‡∏à‡∏• 12 ‡∏™‡∏µ,99.0,20,0.0,images/productImage/P00016.jpg,‡∏õ‡∏≤‡∏Å‡∏Å‡∏≤‡πÄ‡∏à‡∏• 1 ‡∏Å‡∏•‡πà‡∏≠‡∏á ‡∏°‡∏µ‡∏ó‡∏±‡πâ‡∏á‡∏´‡∏°‡∏î 12 ‡∏™‡∏µ ‡∏´‡∏±‡∏ß‡∏õ‡∏≤‡∏Å‡∏Å‡∏≤ ‡∏Ç‡∏ô‡∏≤‡∏î 0.5 ‡∏°‡∏°.,5,‡πÄ‡∏Ñ‡∏£‡∏∑‡πà‡∏≠‡∏á‡πÄ‡∏Ç‡∏µ‡∏¢‡∏ô
19-10-2021 13:26:59,P00017,PP_Stationery,‡πÄ‡∏ó‡∏õ‡∏•‡∏ö‡∏Ñ‡∏≥‡∏ú‡∏¥‡∏î,9.0,35,0.0,images/productImage/P00017.jpg,‚òÖ ‡∏û‡∏£‡πâ‡∏≠‡∏°‡∏™‡πà‡∏á ‚òÖ ‡πÄ‡∏ó‡∏õ‡∏•‡∏ö‡∏Ñ‡∏≥‡∏ú‡∏¥‡∏î ‡∏•‡∏ö‡∏õ‡∏≤‡∏Å‡∏Å‡∏≤ ‡∏•‡∏¥‡∏Ñ‡∏ß‡∏¥‡∏î ‡∏•‡∏≤‡∏¢‡∏Å‡∏≤‡∏£‡πå‡∏ï‡∏π‡∏ô‡∏ô‡πà‡∏≤‡∏£‡∏±‡∏Å ‡∏´‡∏ô‡πâ‡∏≤‡πÄ‡∏ó‡∏õ‡∏Å‡∏ß‡πâ‡∏≤‡∏á 5 ‡∏°‡∏°. ‡∏•‡∏¥‡∏Ñ‡∏ß‡∏¥‡∏î‡πÄ‡∏ó‡∏õ ‡∏≠‡∏∏‡∏õ‡∏Å‡∏£‡∏ì‡πå‡∏•‡∏ö‡∏Ñ‡∏≥‡∏ú‡∏¥‡∏î ‡πÄ‡∏Ñ‡∏£‡∏∑‡πà‡∏≠‡∏á‡πÄ‡∏Ç‡∏µ‡∏¢‡∏ô‡πÄ‡∏Å‡∏≤‡∏´‡∏•‡∏µ - ‡∏°‡∏µ‡∏™‡∏≠‡∏á‡∏Ç‡∏ô‡∏≤‡∏î - ‡∏Ç‡∏ô‡∏≤‡∏î ‡∏¢‡∏≤‡∏ß 3 ‡πÄ‡∏°‡∏ï‡∏£ ‡πÅ‡∏•‡∏∞ 6 ‡πÄ‡∏°‡∏ï‡∏£,5,‡πÄ‡∏Ñ‡∏£‡∏∑‡πà‡∏≠‡∏á‡πÄ‡∏Ç‡∏µ‡∏¢‡∏ô
19-10-2021 13:29:04,P00018,PP_Stationery,‡∏¢‡∏≤‡∏á‡∏•‡∏ö,6.0,40,0.0,images/productImage/P00018.jpg,‡∏¢‡∏≤‡∏á‡∏•‡∏ö FASTER E106 4B ‡∏Å‡πâ‡∏≠‡∏ô‡∏™‡∏µ‡∏û‡∏≤‡∏™‡πÄ‡∏ó‡∏• ‡∏°‡∏µ‡πÉ‡∏´‡πâ‡πÄ‡∏•‡∏∑‡∏≠‡∏Å 4 ‡∏™‡∏µ ‡πÄ‡∏ô‡∏∑‡πâ‡∏≠‡∏¢‡∏≤‡∏á‡∏•‡∏ö‡∏ó‡∏≥‡∏à‡∏≤‡∏Å‡∏û‡∏µ‡∏ß‡∏µ‡∏ã‡∏µ ‡∏ß‡∏±‡∏™‡∏î‡∏∏‡∏Ñ‡∏∏‡∏ì‡∏†‡∏≤‡∏û‡∏î‡∏µ ‡πÄ‡∏ô‡∏∑‡πâ‡∏≠‡∏ô‡∏∏‡πà‡∏° ‡∏¢‡∏∑‡∏î‡∏´‡∏¢‡∏∏‡πà‡∏ô‡πÑ‡∏î‡πâ ‡πÄ‡∏ß‡∏•‡∏≤‡∏•‡∏ö ‡πÑ‡∏°‡πà‡∏ó‡∏≥‡∏•‡∏≤‡∏¢‡πÄ‡∏ô‡∏∑‡πâ‡∏≠‡∏Å‡∏£‡∏∞‡∏î‡∏≤‡∏© ‡πÄ‡∏ô‡∏∑‡πâ‡∏≠‡∏¢‡∏≤‡∏á‡∏•‡∏ö‡πÑ‡∏°‡πà‡∏´‡∏±‡∏Å‡∏á‡πà‡∏≤‡∏¢ ‡πÄ‡∏®‡∏©‡∏¢‡∏≤‡∏á‡∏•‡∏ö‡∏à‡∏±‡∏ö‡∏ï‡∏±‡∏ß‡πÄ‡∏õ‡πá‡∏ô‡∏Å‡πâ‡∏≠‡∏ô ‡πÑ‡∏°‡πà‡∏Å‡∏£‡∏∞‡∏à‡∏≤‡∏¢‡πÄ‡∏õ‡πá‡∏ô‡∏Ç‡∏∏‡∏¢,5,‡πÄ‡∏Ñ‡∏£‡∏∑‡πà‡∏≠‡∏á‡πÄ‡∏Ç‡∏µ‡∏¢‡∏ô
19-10-2021 13:30:52,P00019,PP_Stationery,‡∏Å‡∏£‡∏∞‡πÄ‡∏õ‡πã‡∏≤‡∏î‡∏¥‡∏ô‡∏™‡∏≠,39.0,20,0.0,images/productImage/P00019.jpg,‡∏Å‡∏£‡∏∞‡πÄ‡∏õ‡πã‡∏≤‡∏î‡∏¥‡∏ô‡∏™‡∏≠‡∏•‡∏≤‡∏¢‡∏Å‡∏≤‡∏£‡πå‡∏ï‡∏π‡∏ô‡∏ô‡πà‡∏≤‡∏£‡∏±‡∏Å ‡∏™‡∏≤‡∏£‡∏û‡∏±‡∏î‡∏õ‡∏£‡∏∞‡πÇ‡∏¢‡∏ä‡∏ô‡πå ‡∏Ñ‡∏ß‡∏≤‡∏°‡∏à‡∏∏‡∏Ç‡∏ô‡∏≤‡∏î‡πÉ‡∏´‡∏ç‡πà ‡πÉ‡∏™‡πÄ‡∏£‡∏µ‡∏¢‡∏ö‡∏á‡πà‡∏≤‡∏¢‡∏Å‡∏±‡∏ô‡∏ô‡πâ‡∏≥ ‡∏ô‡πà‡∏≤‡∏£‡∏±‡∏Å ‡∏Å‡∏£‡∏∞‡πÄ‡∏õ‡πã‡∏≤‡∏î‡∏¥‡∏ô‡∏™‡∏≠‡∏ô‡∏±‡∏Å‡πÄ‡∏£‡∏µ‡∏¢‡∏ô,5,‡∏î‡∏ô‡∏ï‡∏£‡∏µ ‡πÅ‡∏•‡∏∞ ‡∏´‡∏ô‡∏±‡∏á‡∏™‡∏∑‡∏≠
19-10-2021 13:33:46,P00020,PP_Stationery,‡∏õ‡∏≤‡∏Å‡∏Å‡∏≤‡πÄ‡∏ô‡πâ‡∏ô‡∏Ç‡πâ‡∏≠‡∏Ñ‡∏ß‡∏≤‡∏°,60.0,20,0.0,images/productImage/P00020.jpg,‡∏õ‡∏≤‡∏Å‡∏Å‡∏≤‡πÄ‡∏ô‡πâ‡∏ô‡∏Ç‡πâ‡∏≠‡∏Ñ‡∏ß‡∏≤‡∏° ‡∏™‡∏µ‡∏ô‡πà‡∏≤‡∏£‡∏±‡∏Å ‡∏≠‡∏∏‡∏õ‡∏Å‡∏£‡∏ì‡πå‡πÄ‡∏Ñ‡∏£‡∏∑‡πà‡∏≠‡∏á‡πÄ‡∏Ç‡∏µ‡∏¢‡∏ô‡∏™‡∏≥‡∏´‡∏£‡∏±‡∏ö‡πÇ‡∏£‡∏á‡πÄ‡∏£‡∏µ‡∏¢‡∏ô‡πÅ‡∏•‡∏∞‡∏™‡∏≥‡∏ô‡∏±‡∏Å‡∏á‡∏≤‡∏ô  1 ‡∏Å‡∏•‡πà‡∏≠‡∏á ‡∏°‡∏µ 6 ‡∏™‡∏µ,5,‡πÄ‡∏Ñ‡∏£‡∏∑‡πà‡∏≠‡∏á‡πÄ‡∏Ç‡∏µ‡∏¢‡∏ô
19-10-2021 15:21:19,P00051,IloveKOREAshop,BT21  'A DREAM OF BABY' BABY PAJAMAS DOLL,1290.0,15,0.0,images/productImage/P00051.jpg,[BT21] ‡∏û‡∏£‡πâ‡∏≠‡∏°‡∏™‡πà‡∏á 'A DREAM OF BABY' BABY PAJAMAS DOLL ‡∏û‡∏£‡πâ‡∏≠‡∏°‡∏™‡πà‡∏á ‡∏Ç‡∏≠‡∏á‡πÅ‡∏ó‡πâ‡∏à‡∏≤‡∏Å‡∏ä‡πá‡∏≠‡∏õ LINE FRIENDS ‡πÄ‡∏Å‡∏≤‡∏´‡∏•‡∏µ ‡∏°‡∏µ‡∏™‡∏ï‡∏¥‡πä‡∏Å‡πÄ‡∏Å‡∏≠‡∏£‡πå‡πÇ‡∏Æ‡πÇ‡∏•‡πÅ‡∏Å‡∏£‡∏°‡∏ï‡∏¥‡∏î‡πÅ‡∏ô‡πà‡∏ô‡∏ó‡∏∏‡∏Å‡∏Å‡∏•‡πà‡∏≠‡∏á‡∏Ñ‡πà‡∏∞ ***‡∏™‡∏¥‡∏ô‡∏Ñ‡πâ‡∏≤‡∏ó‡∏∏‡∏Å‡∏ä‡∏¥‡πâ‡∏ô‡πÄ‡∏õ‡πá‡∏ô‡∏Ç‡∏≠‡∏á‡πÅ‡∏ó‡πâ OFFICIAL 10000% ‡∏ô‡∏≥‡πÄ‡∏Ç‡πâ‡∏≤‡∏à‡∏≤‡∏Å‡πÄ‡∏Å‡∏≤‡∏´‡∏•‡∏µ***,3,‡∏ï‡∏∏‡πä‡∏Å‡∏ï‡∏≤
